{"cameraMode":{"drawMode":0,"name":"Shaded","section":"Shading Mode"},"sceneLighting":true,"audioPlay":false,"sceneViewState":{"m_AlwaysRefresh":false,"showFog":true,"showSkybox":true,"showFlares":true,"showImageEffects":true,"showParticleSystems":true,"showVisualEffectGraphs":true,"m_FxEnabled":true},"in2DMode":false,"pivot":{"x":5.540572643280029,"y":1.559239387512207,"z":-1.1027803421020508},"rotation":{"x":0.06792574375867844,"y":0.9167124032974243,"z":-0.35167261958122256,"w":0.17706342041492463},"size":15.074166297912598,"orthographic":false}