{"cameraMode":{"drawMode":0,"name":"Shaded","section":"Shading Mode"},"sceneLighting":false,"audioPlay":false,"sceneViewState":{"m_AlwaysRefresh":false,"showFog":true,"showSkybox":true,"showFlares":true,"showImageEffects":true,"showParticleSystems":true,"showVisualEffectGraphs":true,"m_FxEnabled":true},"in2DMode":false,"pivot":{"x":3.4023633003234865,"y":74.90449523925781,"z":14.587655067443848},"rotation":{"x":0.13399207592010499,"y":0.7351317405700684,"z":-0.6471446752548218,"w":0.15238070487976075},"size":0.8660253882408142,"orthographic":false}